{"rmse": 61562.73200230568, "r2": 0.668389371020217}